Specimen properties : Thickness,"3.70000",mm
Specimen properties : Width,"13.00000",mm
Specimen properties : Support span,"59.20000",mm

Time,Extension,Load
(s),(mm),(kgf)
"0.00000","0.00000","-0.00843"
"0.10000","0.00077","-0.00848"
"0.20000","0.00569","-0.00606"
"0.30000","0.01697","-0.00023"
"0.40000","0.02472","0.00361"
"0.50000","0.03151","0.00710"
"0.60000","0.03828","0.00973"
"0.70000","0.04556","0.01291"
"0.80000","0.05232","0.01545"
"0.90000","0.05861","0.01791"
"1.00000","0.06482","0.02028"
"1.10000","0.07177","0.02312"
"1.20000","0.07879","0.02549"
"1.30000","0.08550","0.02808"
"1.40000","0.09191","0.03033"
"1.50000","0.09851","0.03280"
"1.60000","0.10535","0.03590"
"1.70000","0.11206","0.03783"
"1.80000","0.11844","0.04044"
"1.90000","0.12519","0.04187"
"2.00000","0.13174","0.04481"
"2.10000","0.13846","0.04725"
"2.20000","0.14525","0.04931"
"2.30000","0.15238","0.05168"
"2.40000","0.15894","0.05383"
"2.50000","0.16510","0.05550"
"2.60000","0.17153","0.05783"
"2.70000","0.17845","0.05992"
"2.80000","0.18564","0.06224"
"2.90000","0.19214","0.06409"
"3.00000","0.19835","0.06622"
"3.10000","0.20529","0.06828"
"3.20000","0.21235","0.07071"
"3.30000","0.21896","0.07269"
"3.40000","0.22516","0.07386"
"3.50000","0.23153","0.07579"
"3.60000","0.23854","0.07825"
"3.70000","0.24551","0.08030"
"3.80000","0.25209","0.08165"
"3.90000","0.25883","0.08396"
"4.00000","0.26521","0.08533"
"4.10000","0.27194","0.08724"
"4.20000","0.27852","0.08882"
"4.30000","0.28513","0.09068"
"4.40000","0.29213","0.09252"
"4.50000","0.29853","0.09419"
"4.60000","0.30506","0.09584"
"4.70000","0.31206","0.09785"
"4.80000","0.31909","0.09929"
"4.90000","0.32566","0.10080"
"5.00000","0.33164","0.10245"
"5.10000","0.33812","0.10400"
"5.20000","0.34548","0.10555"
"5.30000","0.35233","0.10760"
"5.40000","0.35879","0.10872"
"5.50000","0.36494","0.11051"
"5.60000","0.37195","0.11208"
"5.70000","0.37904","0.11365"
"5.80000","0.38539","0.11474"
"5.90000","0.39177","0.11614"
"6.00000","0.39821","0.11728"
"6.10000","0.40517","0.11904"
"6.20000","0.41200","0.12069"
"6.30000","0.41869","0.12212"
"6.40000","0.42561","0.12329"
"6.50000","0.43186","0.12454"
"6.60000","0.43841","0.12594"
"6.70000","0.44509","0.12740"
"6.80000","0.45210","0.12893"
"6.90000","0.45880","0.13028"
"7.00000","0.46508","0.13132"
"7.10000","0.47165","0.13315"
"7.20000","0.47898","0.13453"
"7.30000","0.48595","0.13535"
"7.40000","0.49211","0.13671"
"7.50000","0.49814","0.13836"
"7.60000","0.50491","0.13926"
"7.70000","0.51214","0.14076"
"7.80000","0.51890","0.14235"
"7.90000","0.52531","0.14306"
"8.00000","0.53186","0.14430"
"8.10000","0.53860","0.14554"
"8.20000","0.54556","0.14709"
"8.30000","0.55203","0.14796"
"8.40000","0.55848","0.14928"
"8.50000","0.56512","0.15027"
"8.60000","0.57190","0.15176"
"8.70000","0.57863","0.15289"
"8.80000","0.58558","0.15411"
"8.90000","0.59229","0.15498"
"9.00000","0.59856","0.15601"
"9.10000","0.60491","0.15741"
"9.20000","0.61179","0.15889"
"9.30000","0.61889","0.16006"
"9.40000","0.62546","0.16113"
"9.50000","0.63174","0.16207"
"9.60000","0.63850","0.16336"
"9.70000","0.64574","0.16466"
"9.80000","0.65237","0.16587"
"9.90000","0.65858","0.16669"
"10.00000","0.66474","0.16715"
"10.10000","0.67174","0.16851"
"10.20000","0.67880","0.16984"
"10.30000","0.68558","0.17099"
"10.40000","0.69195","0.17186"
"10.50000","0.69857","0.17318"
"10.60000","0.70524","0.17413"
"10.70000","0.71205","0.17574"
"10.80000","0.71849","0.17633"
"10.90000","0.72518","0.17731"
"11.00000","0.73177","0.17884"
"11.10000","0.73846","0.17931"
"11.20000","0.74527","0.18090"
"11.30000","0.75235","0.18239"
"11.40000","0.75890","0.18352"
"11.50000","0.76516","0.18416"
"11.60000","0.77156","0.18485"
"11.70000","0.77845","0.18624"
"11.80000","0.78556","0.18728"
"11.90000","0.79214","0.18813"
"12.00000","0.79837","0.18934"
"12.10000","0.80524","0.19053"
"12.20000","0.81235","0.19182"
"12.30000","0.81895","0.19252"
"12.40000","0.82519","0.19321"
"12.50000","0.83155","0.19460"
"12.60000","0.83844","0.19555"
"12.70000","0.84548","0.19686"
"12.80000","0.85208","0.19770"
"12.90000","0.85885","0.19886"
"13.00000","0.86528","0.19992"
"13.10000","0.87186","0.20056"
"13.20000","0.87855","0.20180"
"13.30000","0.88517","0.20257"
"13.40000","0.89209","0.20364"
"13.50000","0.89849","0.20415"
"13.60000","0.90503","0.20568"
"13.70000","0.91213","0.20666"
"13.80000","0.91910","0.20791"
"13.90000","0.92555","0.20895"
"14.00000","0.93171","0.20949"
"14.10000","0.93815","0.21054"
"14.20000","0.94542","0.21143"
"14.30000","0.95225","0.21277"
"14.40000","0.95868","0.21341"
"14.50000","0.96504","0.21480"
"14.60000","0.97201","0.21559"
"14.70000","0.97898","0.21660"
"14.80000","0.98534","0.21742"
"14.90000","0.99160","0.21844"
"15.00000","0.99835","0.21921"
"15.10000","1.00522","0.22021"
"15.20000","1.01201","0.22152"
"15.30000","1.01870","0.22224"
"15.40000","1.02558","0.22321"
"15.50000","1.03190","0.22394"
"15.60000","1.03843","0.22471"
"15.70000","1.04505","0.22569"
"15.80000","1.05207","0.22665"
"15.90000","1.05887","0.22769"
"16.00000","1.06518","0.22875"
"16.10000","1.07159","0.22935"
"16.20000","1.07895","0.23036"
"16.30000","1.08580","0.23196"
"16.40000","1.09210","0.23250"
"16.50000","1.09814","0.23268"
"16.60000","1.10500","0.23430"
"16.70000","1.11218","0.23572"
"16.80000","1.11889","0.23594"
"16.90000","1.12530","0.23716"
"17.00000","1.13183","0.23755"
"17.10000","1.13856","0.23854"
"17.20000","1.14554","0.23990"
"17.30000","1.15199","0.24060"
"17.40000","1.15849","0.24132"
"17.50000","1.16511","0.24264"
"17.60000","1.17193","0.24320"
"17.70000","1.17868","0.24429"
"17.80000","1.18554","0.24526"
"17.90000","1.19236","0.24610"
"18.00000","1.19859","0.24693"
"18.10000","1.20494","0.24761"
"18.20000","1.21174","0.24825"
"18.30000","1.21892","0.24958"
"18.40000","1.22545","0.25013"
"18.50000","1.23187","0.25099"
"18.60000","1.23847","0.25230"
"18.70000","1.24563","0.25287"
"18.80000","1.25247","0.25403"
"18.90000","1.25866","0.25470"
"19.00000","1.26471","0.25486"
"19.10000","1.27172","0.25630"
"19.20000","1.27886","0.25726"
"19.30000","1.28550","0.25803"
"19.40000","1.29190","0.25876"
"19.50000","1.29853","0.25965"
"19.60000","1.30534","0.26018"
"19.70000","1.31200","0.26122"
"19.80000","1.31846","0.26252"
"19.90000","1.32534","0.26261"
"20.00000","1.33177","0.26392"
"20.10000","1.33849","0.26464"
"20.20000","1.34528","0.26545"
"20.30000","1.35240","0.26636"
"20.40000","1.35888","0.26720"
"20.50000","1.36511","0.26790"
"20.60000","1.37150","0.26827"
"20.70000","1.37856","0.26909"
"20.80000","1.38555","0.27040"
"20.90000","1.39213","0.27106"
"21.00000","1.39832","0.27164"
"21.10000","1.40531","0.27292"
"21.20000","1.41236","0.27339"
"21.30000","1.41887","0.27410"
"21.40000","1.42516","0.27446"
"21.50000","1.43144","0.27526"
"21.60000","1.43842","0.27638"
"21.70000","1.44556","0.27732"
"21.80000","1.45211","0.27807"
"21.90000","1.45877","0.27869"
"22.00000","1.46520","0.27931"
"22.10000","1.47195","0.28032"
"22.20000","1.47860","0.28061"
"22.30000","1.48518","0.28152"
"22.40000","1.49212","0.28229"
"22.50000","1.49850","0.28283"
"22.60000","1.50511","0.28391"
"22.70000","1.51212","0.28412"
"22.80000","1.51911","0.28507"
"22.90000","1.52551","0.28587"
"23.00000","1.53156","0.28625"
"23.10000","1.53814","0.28736"
"23.20000","1.54548","0.28804"
"23.30000","1.55242","0.28874"
"23.40000","1.55868","0.28953"
"23.50000","1.56487","0.29012"
"23.60000","1.57193","0.29109"
"23.70000","1.57904","0.29187"
"23.80000","1.58532","0.29226"
"23.90000","1.59169","0.29307"
"24.00000","1.59830","0.29348"
"24.10000","1.60522","0.29460"
"24.20000","1.61207","0.29539"
"24.30000","1.61870","0.29575"
"24.40000","1.62560","0.29675"
"24.50000","1.63186","0.29744"
"24.60000","1.63841","0.29741"
"24.70000","1.64507","0.29866"
"24.80000","1.65215","0.29942"
"24.90000","1.65882","0.29995"
"25.00000","1.66494","0.30051"
"25.10000","1.67167","0.30153"
"25.20000","1.67899","0.30235"
"25.30000","1.68593","0.30319"
"25.40000","1.69216","0.30335"
"25.50000","1.69817","0.30384"
"25.60000","1.70493","0.30414"
"25.70000","1.71219","0.30577"
"25.80000","1.71894","0.30632"
"25.90000","1.72531","0.30673"
"26.00000","1.73182","0.30716"
"26.10000","1.73859","0.30814"
"26.20000","1.74557","0.30891"
"26.30000","1.75202","0.30914"
"26.40000","1.75848","0.30980"
"26.50000","1.76510","0.31041"
"26.60000","1.77187","0.31077"
"26.70000","1.77863","0.31187"
"26.80000","1.78561","0.31234"
"26.90000","1.79231","0.31302"
"27.00000","1.79861","0.31357"
"27.10000","1.80494","0.31367"
"27.20000","1.81181","0.31488"
"27.30000","1.81889","0.31594"
"27.40000","1.82538","0.31623"
"27.50000","1.83175","0.31706"
"27.60000","1.83853","0.31714"
"27.70000","1.84576","0.31823"
"27.80000","1.85239","0.31877"
"27.90000","1.85860","0.31924"
"28.00000","1.86476","0.31960"
"28.10000","1.87172","0.32030"
"28.20000","1.87877","0.32152"
"28.30000","1.88555","0.32190"
"28.40000","1.89203","0.32251"
"28.50000","1.89859","0.32264"
"28.60000","1.90526","0.32384"
"28.70000","1.91200","0.32415"
"28.80000","1.91845","0.32442"
"28.90000","1.92524","0.32497"
"29.00000","1.93163","0.32595"
"29.10000","1.93851","0.32615"
"29.20000","1.94529","0.32689"
"29.30000","1.95240","0.32738"
"29.40000","1.95893","0.32814"
"29.50000","1.96515","0.32869"
"29.60000","1.97154","0.32909"
"29.70000","1.97854","0.32996"
"29.80000","1.98562","0.33079"
"29.90000","1.99222","0.33141"
"30.00000","1.99832","0.33129"
"30.10000","2.00528","0.33223"
"30.20000","2.01228","0.33260"
"30.30000","2.01887","0.33343"
"30.40000","2.02519","0.33372"
"30.50000","2.03148","0.33407"
"30.60000","2.03856","0.33438"
"30.70000","2.04544","0.33546"
"30.80000","2.05211","0.33580"
"30.90000","2.05884","0.33648"
"31.00000","2.06520","0.33676"
"31.10000","2.07190","0.33731"
"31.20000","2.07855","0.33801"
"31.30000","2.08523","0.33849"
"31.40000","2.09216","0.33928"
"31.50000","2.09847","0.33953"
"31.60000","2.10506","0.33990"
"31.70000","2.11211","0.34092"
"31.80000","2.11916","0.34136"
"31.90000","2.12555","0.34174"
"32.00000","2.13170","0.34213"
"32.10000","2.13818","0.34248"
"32.20000","2.14550","0.34332"
"32.30000","2.15226","0.34420"
"32.40000","2.15872","0.34431"
"32.50000","2.16500","0.34490"
"32.60000","2.17190","0.34507"
"32.70000","2.17901","0.34590"
"32.80000","2.18536","0.34663"
"32.90000","2.19169","0.34699"
"33.00000","2.19830","0.34700"
"33.10000","2.20521","0.34788"
"33.20000","2.21193","0.34838"
"33.30000","2.21858","0.34879"
"33.40000","2.22557","0.34968"
"33.50000","2.23189","0.34959"
"33.60000","2.23841","0.35041"
"33.70000","2.24508","0.35095"
"33.80000","2.25207","0.35116"
"33.90000","2.25876","0.35165"
"34.00000","2.26512","0.35199"
"34.10000","2.27166","0.35299"
"34.20000","2.27894","0.35371"
"34.30000","2.28584","0.35399"
"34.40000","2.29204","0.35456"
"34.50000","2.29819","0.35481"
"34.60000","2.30494","0.35543"
"34.70000","2.31224","0.35602"
"34.80000","2.31888","0.35648"
"34.90000","2.32525","0.35640"
"35.00000","2.33181","0.35723"
"35.10000","2.33860","0.35772"
"35.20000","2.34560","0.35839"
"35.30000","2.35199","0.35880"
"35.40000","2.35844","0.35907"
"35.50000","2.36517","0.35948"
"35.60000","2.37188","0.36034"
"35.70000","2.37865","0.36056"
"35.80000","2.38549","0.36156"
"35.90000","2.39232","0.36167"
"36.00000","2.39866","0.36189"
"36.10000","2.40492","0.36233"
"36.20000","2.41177","0.36298"
"36.30000","2.41885","0.36371"
"36.40000","2.42552","0.36412"
"36.50000","2.43191","0.36444"
"36.60000","2.43837","0.36487"
"36.70000","2.44565","0.36549"
"36.80000","2.45247","0.36591"
"36.90000","2.45857","0.36567"
"37.00000","2.46480","0.36651"
"37.10000","2.47171","0.36690"
"37.20000","2.47877","0.36756"
"37.30000","2.48548","0.36800"
"37.40000","2.49188","0.36869"
"37.50000","2.49871","0.36884"
"37.60000","2.50537","0.36947"
"37.70000","2.51197","0.36976"
"37.80000","2.51839","0.36995"
"37.90000","2.52523","0.37074"
"38.00000","2.53181","0.37081"
"38.10000","2.53845","0.37162"
"38.20000","2.54522","0.37186"
"38.30000","2.55234","0.37269"
"38.40000","2.55887","0.37285"
"38.50000","2.56525","0.37305"
"38.60000","2.57158","0.37323"
"38.70000","2.57842","0.37404"
"38.80000","2.58547","0.37425"
"38.90000","2.59210","0.37469"
"39.00000","2.59858","0.37507"
"39.10000","2.60538","0.37521"
"39.20000","2.61230","0.37590"
"39.30000","2.61881","0.37614"
"39.40000","2.62512","0.37725"
"39.50000","2.63167","0.37719"
"39.60000","2.63853","0.37825"
"39.70000","2.64545","0.37813"
"39.80000","2.65201","0.37885"
"39.90000","2.65865","0.37915"
"40.00000","2.66536","0.37912"
"40.10000","2.67204","0.37983"
"40.20000","2.67855","0.38000"
"40.30000","2.68517","0.38057"
"40.40000","2.69196","0.38076"
"40.50000","2.69864","0.38142"
"40.60000","2.70520","0.38164"
"40.70000","2.71208","0.38251"
"40.80000","2.71902","0.38317"
"40.90000","2.72549","0.38311"
"41.00000","2.73180","0.38339"
"41.10000","2.73824","0.38360"
"41.20000","2.74536","0.38446"
"41.30000","2.75221","0.38469"
"41.40000","2.75857","0.38488"
"41.50000","2.76508","0.38524"
"41.60000","2.77206","0.38628"
"41.70000","2.77890","0.38622"
"41.80000","2.78530","0.38647"
"41.90000","2.79155","0.38701"
"42.00000","2.79847","0.38779"
"42.10000","2.80531","0.38784"
"42.20000","2.81199","0.38835"
"42.30000","2.81863","0.38834"
"42.40000","2.82552","0.38908"
"42.50000","2.83207","0.38921"
"42.60000","2.83851","0.38974"
"42.70000","2.84507","0.38975"
"42.80000","2.85189","0.39058"
"42.90000","2.85866","0.39082"
"43.00000","2.86536","0.39114"
"43.10000","2.87175","0.39154"
"43.20000","2.87888","0.39192"
"43.30000","2.88570","0.39235"
"43.40000","2.89207","0.39282"
"43.50000","2.89829","0.39291"
"43.60000","2.90508","0.39333"
"43.70000","2.91207","0.39367"
"43.80000","2.91872","0.39384"
"43.90000","2.92522","0.39434"
"44.00000","2.93204","0.39503"
"44.10000","2.93876","0.39528"
"44.20000","2.94550","0.39550"
"44.30000","2.95185","0.39569"
"44.40000","2.95836","0.39593"
"44.50000","2.96533","0.39634"
"44.60000","2.97204","0.39689"
"44.70000","2.97869","0.39700"
"44.80000","2.98544","0.39765"
"44.90000","2.99224","0.39796"
"45.00000","2.99874","0.39817"
"45.10000","3.00505","0.39826"
"45.20000","3.01170","0.39861"
"45.30000","3.01871","0.39925"
"45.40000","3.02533","0.39974"
"45.50000","3.03202","0.39985"
"45.60000","3.03862","0.40006"
"45.70000","3.04552","0.40045"
"45.80000","3.05233","0.40064"
"45.90000","3.05860","0.40108"
"46.00000","3.06491","0.40142"
"46.10000","3.07182","0.40199"
"46.20000","3.07874","0.40199"
"46.30000","3.08542","0.40233"
"46.40000","3.09187","0.40266"
"46.50000","3.09878","0.40318"
"46.60000","3.10540","0.40351"
"46.70000","3.11194","0.40368"
"46.80000","3.11836","0.40368"
"46.90000","3.12513","0.40400"
"47.00000","3.13188","0.40436"
"47.10000","3.13854","0.40481"
"47.20000","3.14518","0.40508"
"47.30000","3.15226","0.40569"
"47.40000","3.15882","0.40562"
"47.50000","3.16538","0.40608"
"47.60000","3.17166","0.40579"
"47.70000","3.17844","0.40662"
"47.80000","3.18542","0.40693"
"47.90000","3.19208","0.40718"
"48.00000","3.19859","0.40744"
"48.10000","3.20541","0.40786"
"48.20000","3.21234","0.40850"
"48.30000","3.21876","0.40802"
"48.40000","3.22508","0.40846"
"48.50000","3.23166","0.40895"
"48.60000","3.23863","0.40907"
"48.70000","3.24548","0.40942"
"48.80000","3.25198","0.40976"
"48.90000","3.25861","0.40981"
"49.00000","3.26544","0.41015"
"49.10000","3.27210","0.41040"
"49.20000","3.27855","0.41100"
"49.30000","3.28519","0.41092"
"49.40000","3.29205","0.41107"
"49.50000","3.29858","0.41131"
"49.60000","3.30510","0.41213"
"49.70000","3.31203","0.41212"
"49.80000","3.31901","0.41259"
"49.90000","3.32550","0.41299"
"50.00000","3.33181","0.41265"
"50.10000","3.33826","0.41313"
"50.20000","3.34544","0.41359"
"50.30000","3.35225","0.41403"
"50.40000","3.35866","0.41375"
"50.50000","3.36508","0.41401"
"50.60000","3.37205","0.41442"
"50.70000","3.37887","0.41504"
"50.80000","3.38530","0.41480"
"50.90000","3.39166","0.41513"
"51.00000","3.39840","0.41496"
"51.10000","3.40521","0.41555"
"51.20000","3.41192","0.41573"
"51.30000","3.41857","0.41612"
"51.40000","3.42546","0.41673"
"51.50000","3.43207","0.41666"
"51.60000","3.43847","0.41667"
"51.70000","3.44504","0.41679"
"51.80000","3.45197","0.41744"
"51.90000","3.45873","0.41785"
"52.00000","3.46517","0.41755"
"52.10000","3.47169","0.41772"
"52.20000","3.47898","0.41888"
"52.30000","3.48575","0.41871"
"52.40000","3.49202","0.41857"
"52.50000","3.49824","0.41890"
"52.60000","3.50503","0.41925"
"52.70000","3.51211","0.41986"
"52.80000","3.51876","0.41976"
"52.90000","3.52527","0.41999"
"53.00000","3.53195","0.42017"
"53.10000","3.53870","0.42044"
"53.20000","3.54554","0.42046"
"53.30000","3.55190","0.42060"
"53.40000","3.55840","0.42090"
"53.50000","3.56516","0.42132"
"53.60000","3.57194","0.42187"
"53.70000","3.57862","0.42189"
"53.80000","3.58547","0.42185"
"53.90000","3.59226","0.42234"
"54.00000","3.59870","0.42261"
"54.10000","3.60505","0.42242"
"54.20000","3.61168","0.42280"
"54.30000","3.61878","0.42325"
"54.40000","3.62543","0.42314"
"54.50000","3.63188","0.42297"
"54.60000","3.63861","0.42393"
"54.70000","3.64562","0.42432"
"54.80000","3.65240","0.42438"
"54.90000","3.65859","0.42450"
"55.00000","3.66480","0.42420"
"55.10000","3.67178","0.42460"
"55.20000","3.67863","0.42472"
"55.30000","3.68552","0.42512"
"55.40000","3.69193","0.42550"
"55.50000","3.69866","0.42570"
"55.60000","3.70535","0.42551"
"55.70000","3.71189","0.42583"
"55.80000","3.71838","0.42591"
"55.90000","3.72525","0.42649"
"56.00000","3.73172","0.42599"
"56.10000","3.73859","0.42646"
"56.20000","3.74520","0.42661"
"56.30000","3.75240","0.42702"
"56.40000","3.75885","0.42746"
"56.50000","3.76514","0.42718"
"56.60000","3.77158","0.42747"
"56.70000","3.77845","0.42808"
"56.80000","3.78558","0.42828"
"56.90000","3.79211","0.42830"
"57.00000","3.79834","0.42843"
"57.10000","3.80531","0.42858"
"57.20000","3.81239","0.42914"
"57.30000","3.81893","0.42879"
"57.40000","3.82517","0.42912"
"57.50000","3.83151","0.42934"
"57.60000","3.83853","0.42987"
"57.70000","3.84557","0.42988"
"57.80000","3.85210","0.42991"
"57.90000","3.85877","0.42976"
"58.00000","3.86516","0.43009"
"58.10000","3.87198","0.43084"
"58.20000","3.87862","0.43046"
"58.30000","3.88520","0.43068"
"58.40000","3.89207","0.43143"
"58.50000","3.89843","0.43126"
"58.60000","3.90508","0.43138"
"58.70000","3.91220","0.43178"
"58.80000","3.91910","0.43217"
"58.90000","3.92551","0.43207"
"59.00000","3.93161","0.43204"
"59.10000","3.93816","0.43203"
"59.20000","3.94543","0.43294"
"59.30000","3.95233","0.43313"
"59.40000","3.95877","0.43278"
"59.50000","3.96504","0.43284"
"59.60000","3.97197","0.43349"
"59.70000","3.97904","0.43375"
"59.80000","3.98540","0.43380"
"59.90000","3.99164","0.43358"
"60.00000","3.99830","0.43391"
"60.10000","4.00520","0.43439"
"60.20000","4.01203","0.43465"
"60.30000","4.01866","0.43460"
"60.40000","4.02548","0.43503"
"60.50000","4.03189","0.43503"
"60.60000","4.03848","0.43528"
"60.70000","4.04512","0.43515"
"60.80000","4.05210","0.43571"
"60.90000","4.05875","0.43564"
"61.00000","4.06503","0.43550"
"61.10000","4.07163","0.43624"
"61.20000","4.07891","0.43663"
"61.30000","4.08583","0.43724"
"61.40000","4.09213","0.43693"
"61.50000","4.09817","0.43644"
"61.60000","4.10490","0.43697"
"61.70000","4.11213","0.43756"
"61.80000","4.11901","0.43806"
"61.90000","4.12531","0.43763"
"62.00000","4.13181","0.43818"
"62.10000","4.13863","0.43845"
"62.20000","4.14558","0.43864"
"62.30000","4.15197","0.43873"
"62.40000","4.15841","0.43863"
"62.50000","4.16505","0.43897"
"62.60000","4.17188","0.43953"
"62.70000","4.17867","0.43933"
"62.80000","4.18556","0.43963"
"62.90000","4.19226","0.43954"
"63.00000","4.19859","0.43968"
"63.10000","4.20491","0.43982"
"63.20000","4.21175","0.44019"
"63.30000","4.21891","0.44059"
"63.40000","4.22538","0.44072"
"63.50000","4.23181","0.44073"
"63.60000","4.23838","0.44112"
"63.70000","4.24580","0.44174"
"63.80000","4.25252","0.44160"
"63.90000","4.25867","0.44167"
"64.00000","4.26474","0.44127"
"64.10000","4.27176","0.44197"
"64.20000","4.27885","0.44209"
"64.30000","4.28552","0.44223"
"64.40000","4.29184","0.44237"
"64.50000","4.29859","0.44272"
"64.60000","4.30531","0.44243"
"64.70000","4.31197","0.44251"
"64.80000","4.31838","0.44278"
"64.90000","4.32529","0.44342"
"65.00000","4.33176","0.44282"
"65.10000","4.33840","0.44290"
"65.20000","4.34526","0.44362"
"65.30000","4.35236","0.44396"
"65.40000","4.35888","0.44378"
"65.50000","4.36521","0.44367"
"65.60000","4.37153","0.44375"
"65.70000","4.37854","0.44406"
"65.80000","4.38563","0.44456"
"65.90000","4.39216","0.44438"
"66.00000","4.39832","0.44429"
"66.10000","4.40539","0.44498"
"66.20000","4.41234","0.44479"
"66.30000","4.41886","0.44500"
"66.40000","4.42510","0.44512"
"66.50000","4.43156","0.44472"
"66.60000","4.43855","0.44563"
"66.70000","4.44558","0.44578"
"66.80000","4.45203","0.44555"
"66.90000","4.45878","0.44596"
"67.00000","4.46533","0.44568"
"67.10000","4.47204","0.44604"
"67.20000","4.47858","0.44599"
"67.30000","4.48520","0.44597"
"67.40000","4.49208","0.44647"
"67.50000","4.49855","0.44599"
"67.60000","4.50512","0.44625"
"67.70000","4.51208","0.44690"
"67.80000","4.51903","0.44658"
"67.90000","4.52557","0.44675"
"68.00000","4.53177","0.44650"
"68.10000","4.53826","0.44666"
"68.20000","4.54539","0.44756"
"68.30000","4.55224","0.44702"
"68.40000","4.55861","0.44749"
"68.50000","4.56499","0.44762"
"68.60000","4.57201","0.44775"
"68.70000","4.57903","0.44794"
"68.80000","4.58531","0.44803"
"68.90000","4.59163","0.44807"
"69.00000","4.59839","0.44814"
"69.10000","4.60530","0.44809"
"69.20000","4.61200","0.44854"
"69.30000","4.61860","0.44876"
"69.40000","4.62549","0.44869"
"69.50000","4.63194","0.44917"
"69.60000","4.63849","0.44901"
"69.70000","4.64504","0.44907"
"69.80000","4.65207","0.44961"
"69.90000","4.65877","0.44930"
"70.00000","4.66504","0.44916"
"70.10000","4.67162","0.44955"
"70.20000","4.67897","0.45025"
"70.30000","4.68581","0.45022"
"70.40000","4.69205","0.44995"
"70.50000","4.69822","0.44957"
"70.60000","4.70502","0.45039"
"70.70000","4.71223","0.45025"
"70.80000","4.71880","0.45015"
"70.90000","4.72518","0.44999"
"71.00000","4.73187","0.45063"
"71.10000","4.73867","0.45092"
"71.20000","4.74555","0.45082"
"71.30000","4.75192","0.45097"
"71.40000","4.75838","0.45065"
"71.50000","4.76507","0.45084"
"71.60000","4.77193","0.45097"
"71.70000","4.77866","0.45091"
"71.80000","4.78555","0.45141"
"71.90000","4.79230","0.45173"
"72.00000","4.79865","0.45146"
"72.10000","4.80496","0.45128"
"72.20000","4.81169","0.45134"
"72.30000","4.81884","0.45196"
"72.40000","4.82544","0.45204"
"72.50000","4.83182","0.45172"
"72.60000","4.83844","0.45218"
"72.70000","4.84568","0.45243"
"72.80000","4.85245","0.45216"
"72.90000","4.85860","0.45227"
"73.00000","4.86475","0.45212"
"73.10000","4.87178","0.45291"
"73.20000","4.87879","0.45281"
"73.30000","4.88544","0.45313"
"73.40000","4.89200","0.45263"
"73.50000","4.89873","0.45285"
"73.60000","4.90538","0.45291"
"73.70000","4.91190","0.45289"
"73.80000","4.91844","0.45273"
"73.90000","4.92527","0.45304"
"74.00000","4.93175","0.45294"
"74.10000","4.93842","0.45303"
"74.20000","4.94525","0.45335"
"74.30000","4.95238","0.45360"
"74.40000","4.95890","0.45365"
"74.50000","4.96512","0.45324"
"74.60000","4.97157","0.45367"
"74.70000","4.97850","0.45398"
"74.80000","4.98561","0.45453"
"74.90000","4.99215","0.45412"
"75.00000","4.99838","0.45368"
"75.10000","5.00528","0.45435"
"75.20000","5.01235","0.45466"
"75.30000","5.01894","0.45427"
"75.40000","5.02519","0.45433"
"75.50000","5.03148","0.45388"
"75.60000","5.03854","0.45432"
"75.70000","5.04551","0.45466"
"75.80000","5.05209","0.45434"
"75.90000","5.05874","0.45464"
"76.00000","5.06527","0.45434"
"76.10000","5.07197","0.45514"
"76.20000","5.07870","0.45486"
"76.30000","5.08521","0.45475"
"76.40000","5.09206","0.45499"
"76.50000","5.09853","0.45476"
"76.60000","5.10514","0.45482"
"76.70000","5.11205","0.45492"
"76.80000","5.11908","0.45501"
"76.90000","5.12558","0.45517"
"77.00000","5.13170","0.45464"
"77.10000","5.13822","0.45483"
"77.20000","5.14548","0.45528"
"77.30000","5.15228","0.45493"
"77.40000","5.15866","0.45530"
"77.50000","5.16494","0.45519"
"77.60000","5.17192","0.45533"
"77.70000","5.17901","0.45617"
"77.80000","5.18538","0.45516"
"77.90000","5.19167","0.45542"
"78.00000","5.19827","0.45563"
"78.10000","5.20521","0.45585"
"78.20000","5.21197","0.45579"
"78.30000","5.21871","0.45570"
"78.40000","5.22566","0.45629"
"78.50000","5.23203","0.45623"
"78.60000","5.23843","0.45579"
"78.70000","5.24503","0.45629"
"78.80000","5.25205","0.45626"
"78.90000","5.25878","0.45609"
"79.00000","5.26510","0.45608"
"79.10000","5.27160","0.45589"
"79.20000","5.27893","0.45659"
"79.30000","5.28587","0.45642"
"79.40000","5.29209","0.45609"
"79.50000","5.29826","0.45615"
"79.60000","5.30495","0.45628"
"79.70000","5.31211","0.45695"
"79.80000","5.31889","0.45675"
"79.90000","5.32530","0.45630"
"80.00000","5.33186","0.45657"
"80.10000","5.33860","0.45710"
"80.20000","5.34551","0.45658"
"80.30000","5.35200","0.45660"
"80.40000","5.35848","0.45691"
"80.50000","5.36505","0.45711"
"80.60000","5.37185","0.45722"
"80.70000","5.37874","0.45713"
"80.80000","5.38551","0.45697"
"80.90000","5.39234","0.45723"
"81.00000","5.39865","0.45690"
"81.10000","5.40495","0.45713"
"81.20000","5.41181","0.45740"
"81.30000","5.41890","0.45738"
"81.40000","5.42543","0.45701"
"81.50000","5.43183","0.45736"
"81.60000","5.43846","0.45744"
"81.70000","5.44571","0.45808"
"81.80000","5.45239","0.45757"
"81.90000","5.45860","0.45700"
"82.00000","5.46477","0.45702"
"82.10000","5.47173","0.45726"
"82.20000","5.47877","0.45765"
"82.30000","5.48554","0.45764"
"82.40000","5.49195","0.45752"
"82.50000","5.49844","0.45802"
"82.60000","5.50521","0.45820"
"82.70000","5.51192","0.45810"
"82.80000","5.51845","0.45760"
"82.90000","5.52525","0.45823"
"83.00000","5.53172","0.45845"
"83.10000","5.53849","0.45832"
"83.20000","5.54526","0.45837"
"83.30000","5.55236","0.45877"
"83.40000","5.55883","0.45824"
"83.50000","5.56517","0.45815"
"83.60000","5.57156","0.45886"
"83.70000","5.57850","0.45918"
"83.80000","5.58556","0.45904"
"83.90000","5.59216","0.45874"
"84.00000","5.59837","0.45890"
"84.10000","5.60519","0.45891"
"84.20000","5.61241","0.45867"
"84.30000","5.61895","0.45894"
"84.40000","5.62517","0.45820"
"84.50000","5.63153","0.45860"
"84.60000","5.63845","0.45901"
"84.70000","5.64555","0.45892"
"84.80000","5.65204","0.45893"
"84.90000","5.65876","0.45885"
"85.00000","5.66525","0.45870"
"85.10000","5.67204","0.45895"
"85.20000","5.67861","0.45905"
"85.30000","5.68513","0.45886"
"85.40000","5.69210","0.45924"
"85.50000","5.69847","0.45880"
"85.60000","5.70505","0.45907"
"85.70000","5.71215","0.45936"
"85.80000","5.71910","0.45898"
"85.90000","5.72564","0.45906"
"86.00000","5.73160","0.45885"
"86.10000","5.73814","0.45870"
"86.20000","5.74551","0.45928"
"86.30000","5.75231","0.45927"
"86.40000","5.75871","0.45882"
"86.50000","5.76494","0.45873"
"86.60000","5.77195","0.45915"
"86.70000","5.77899","0.45918"
"86.80000","5.78538","0.45939"
"86.90000","5.79163","0.45877"
"87.00000","5.79828","0.45920"
"87.10000","5.80521","0.45950"
"87.20000","5.81195","0.45884"
"87.30000","5.81862","0.45891"
"87.40000","5.82557","0.45941"
"87.50000","5.83196","0.45863"
"87.60000","5.83836","0.45866"
"87.70000","5.84506","0.45874"
"87.80000","5.85213","0.45869"
"87.90000","5.85885","0.45843"
"88.00000","5.86500","0.45820"
"88.10000","5.87167","0.45806"
"88.20000","5.87890","0.45819"
"88.30000","5.88589","0.45828"
"88.40000","5.89208","0.45785"
"88.50000","5.89820","0.45774"
"88.60000","5.90496","0.45799"
"88.70000","5.91219","0.45817"
"88.80000","5.91892","0.45758"
"88.90000","5.92529","0.45774"
"89.00000","5.93178","0.45759"
"89.10000","5.93863","0.45787"
"89.20000","5.94561","0.45795"
"89.30000","5.95199","0.45742"
"89.40000","5.95846","0.45728"
"89.50000","5.96503","0.45693"
"89.60000","5.97185","0.45713"
"89.70000","5.97876","0.45698"
"89.80000","5.98559","0.45741"
"89.90000","5.99232","0.45692"
"90.00000","5.99855","0.45706"
"90.10000","6.00498","0.45654"
"90.20000","6.01177","0.45680"
"90.30000","6.01890","0.45719"
"90.40000","6.02545","0.45677"
"90.50000","6.03180","0.45712"
"90.60000","6.03841","0.45694"
"90.70000","6.04563","0.45754"
"90.80000","6.05250","0.45721"
"90.90000","6.05865","0.45687"
"91.00000","6.06477","0.45687"
"91.10000","6.07175","0.45716"
"91.20000","6.07879","0.45697"
"91.30000","6.08535","0.45668"
"91.40000","6.09194","0.45705"
"91.50000","6.09859","0.45668"
"91.60000","6.10529","0.45696"
"91.70000","6.11203","0.45689"
"91.80000","6.11854","0.45655"
"91.90000","6.12529","0.45647"
"92.00000","6.13173","0.45636"
"92.10000","6.13852","0.45680"
"92.20000","6.14524","0.45641"
"92.30000","6.15240","0.45641"
"92.40000","6.15896","0.45639"
"92.50000","6.16508","0.45648"
"92.60000","6.17152","0.45649"
"92.70000","6.17854","0.45654"
"92.80000","6.18563","0.45654"
"92.90000","6.19211","0.45618"
"93.00000","6.19837","0.45622"
"93.10000","6.20523","0.45641"
"93.20000","6.21238","0.45656"
"93.30000","6.21893","0.45603"
"93.40000","6.22515","0.45631"
"93.50000","6.23145","0.45623"
"93.60000","6.23851","0.45623"
"93.70000","6.24555","0.45589"
"93.80000","6.25203","0.45623"
"93.90000","6.25877","0.45642"
"94.00000","6.26521","0.45622"
"94.10000","6.27196","0.45621"
"94.20000","6.27854","0.45612"
"94.30000","6.28508","0.45604"
"94.40000","6.29214","0.45624"
"94.50000","6.29851","0.45589"
"94.60000","6.30514","0.45595"
"94.70000","6.31212","0.45641"
"94.80000","6.31905","0.45606"
"94.90000","6.32562","0.45597"
"95.00000","6.33161","0.45594"
"95.10000","6.33815","0.45602"
"95.20000","6.34549","0.45617"
"95.30000","6.35226","0.45621"
"95.40000","6.35875","0.45542"
"95.50000","6.36502","0.45558"
"95.60000","6.37201","0.45590"
"95.70000","6.37902","0.45554"
"95.80000","6.38536","0.45518"
"95.90000","6.39168","0.45520"
"96.00000","6.39835","0.45480"
"96.10000","6.40516","0.45488"
"96.20000","6.41198","0.45507"
"96.30000","6.41866","0.45488"
"96.40000","6.42560","0.45489"
"96.50000","6.43189","0.45474"
"96.60000","6.43839","0.45477"
"96.70000","6.44506","0.45420"
"96.80000","6.45209","0.45473"
"96.90000","6.45877","0.45451"
"97.00000","6.46510","0.45417"
"97.10000","6.47170","0.45461"
"97.20000","6.47898","0.45506"
"97.30000","6.48585","0.45439"
"97.40000","6.49206","0.45409"
"97.50000","6.49820","0.45396"
"97.60000","6.50493","0.45412"
"97.70000","6.51227","0.45418"
"97.80000","6.51886","0.45396"
"97.90000","6.52527","0.45392"
"98.00000","6.53189","0.45399"
"98.10000","6.53859","0.45387"
"98.20000","6.54552","0.45388"
"98.30000","6.55200","0.45396"
"98.40000","6.55844","0.45389"
"98.50000","6.56513","0.45382"
"98.60000","6.57190","0.45403"
"98.70000","6.57868","0.45425"
"98.80000","6.58553","0.45425"
"98.90000","6.59234","0.45405"
"99.00000","6.59861","0.45452"
"99.10000","6.60497","0.45428"
"99.20000","6.61177","0.45426"
"99.30000","6.61886","0.45454"
"99.40000","6.62540","0.45458"
"99.50000","6.63182","0.45400"
"99.60000","6.63847","0.45379"
"99.70000","6.64566","0.45406"
"99.80000","6.65238","0.45398"
"99.90000","6.65868","0.45352"
"100.00000","6.66486","0.45372"
"100.10000","6.67174","0.45415"
"100.20000","6.67883","0.45406"
"100.30000","6.68552","0.45385"
"100.40000","6.69195","0.45371"
"100.50000","6.69848","0.45401"
"100.60000","6.70523","0.45398"
"100.70000","6.71208","0.45399"
"100.80000","6.71846","0.45382"
"100.90000","6.72521","0.45401"
"101.00000","6.73174","0.45375"
"101.10000","6.73858","0.45405"
"101.20000","6.74524","0.45359"
"101.30000","6.75226","0.45403"
"101.40000","6.75893","0.45340"
"101.50000","6.76514","0.45306"
"101.60000","6.77156","0.45297"
"101.70000","6.77851","0.45345"
"101.80000","6.78552","0.45319"
"101.90000","6.79214","0.45342"
"102.00000","6.79847","0.45300"
"102.10000","6.80525","0.45356"
"102.20000","6.81229","0.45342"
"102.30000","6.81891","0.45324"
"102.40000","6.82523","0.45353"
"102.50000","6.83160","0.45340"
"102.60000","6.83859","0.45348"
"102.70000","6.84545","0.45321"
"102.80000","6.85204","0.45319"
"102.90000","6.85876","0.45329"
"103.00000","6.86529","0.45328"
"103.10000","6.87204","0.45286"
"103.20000","6.87858","0.45240"
"103.30000","6.88514","0.45263"
"103.40000","6.89213","0.45233"
"103.50000","6.89852","0.45283"
"103.60000","6.90514","0.45235"
"103.70000","6.91203","0.45297"
"103.80000","6.91899","0.45230"
"103.90000","6.92560","0.45230"
"104.00000","6.93167","0.45201"
"104.10000","6.93819","0.45230"
"104.20000","6.94543","0.45211"
"104.30000","6.95232","0.45198"
"104.40000","6.95869","0.45156"
"104.50000","6.96491","0.45163"
"104.60000","6.97202","0.45181"
"104.70000","6.97907","0.45155"
"104.80000","6.98535","0.45113"
"104.90000","6.99172","0.45114"
"105.00000","6.99829","0.45102"
"105.10000","7.00525","0.45129"
"105.20000","7.01204","0.45077"
"105.30000","7.01864","0.45055"
"105.40000","7.02554","0.45023"
"105.50000","7.03183","0.45053"
"105.60000","7.03847","0.45021"
"105.70000","7.04510","0.45005"
"105.80000","7.05206","0.45011"
"105.90000","7.05880","0.44985"
"106.00000","7.06505","0.44982"
"106.10000","7.07160","0.44959"
"106.20000","7.07900","0.44974"
"106.30000","7.08585","0.44986"
"106.40000","7.09214","0.44925"
"106.50000","7.09816","0.44921"
"106.60000","7.10494","0.44943"
"106.70000","7.11213","0.44968"
"106.80000","7.11882","0.44940"
"106.90000","7.12533","0.44926"
"107.00000","7.13184","0.44899"
"107.10000","7.13864","0.44890"
"107.20000","7.14551","0.44877"
"107.30000","7.15204","0.44877"
"107.40000","7.15853","0.44846"
"107.50000","7.16503","0.44832"
"107.60000","7.17183","0.44829"
"107.70000","7.17868","0.44802"
"107.80000","7.18553","0.44801"
"107.90000","7.19234","0.44779"
"108.00000","7.19857","0.44792"
"108.10000","7.20495","0.44752"
"108.20000","7.21180","0.44739"
"108.30000","7.21895","0.44778"
"108.40000","7.22550","0.44747"
"108.50000","7.23178","0.44704"
"108.60000","7.23841","0.44682"
"108.70000","7.24562","0.44715"
"108.80000","7.25244","0.44635"
"108.90000","7.25865","0.44642"
"109.00000","7.26465","0.44599"
"109.10000","7.27172","0.44653"
"109.20000","7.27887","0.44597"
"109.30000","7.28557","0.44622"
"109.40000","7.29196","0.44590"
"109.50000","7.29857","0.44592"
"109.60000","7.30528","0.44549"
"109.70000","7.31202","0.44574"
"109.80000","7.31856","0.44526"
"109.90000","7.32525","0.44540"
"110.00000","7.33165","0.44526"
"110.10000","7.33843","0.44518"
"110.20000","7.34527","0.44479"
"110.30000","7.35240","0.44515"
"110.40000","7.35896","0.44466"
"110.50000","7.36510","0.44418"
"110.60000","7.37151","0.44400"
"110.70000","7.37845","0.44429"
"110.80000","7.38557","0.44410"
"110.90000","7.39212","0.44379"
"111.00000","7.39841","0.44327"
"111.10000","7.40530","0.44317"
"111.20000","7.41240","0.44370"
"111.30000","7.41891","0.44258"
"111.40000","7.42513","0.44257"
"111.50000","7.43150","0.44251"
"111.60000","7.43842","0.44244"
"111.70000","7.44546","0.44244"
"111.80000","7.45205","0.44204"
"111.90000","7.45882","0.44167"
"112.00000","7.46526","0.44108"
"112.10000","7.47189","0.44126"
"112.20000","7.47854","0.44089"
"112.30000","7.48519","0.44069"
"112.40000","7.49217","0.44040"
"112.50000","7.49851","0.44013"
"112.60000","7.50513","0.43995"
"112.70000","7.51215","0.44021"
"112.80000","7.51913","0.44009"
"112.90000","7.52557","0.43974"
"113.00000","7.53166","0.43950"
"113.10000","7.53811","0.43940"
"113.20000","7.54540","0.43932"
"113.30000","7.55229","0.43880"
"113.40000","7.55871","0.43882"
"113.50000","7.56504","0.43768"
"113.60000","7.57198","0.43820"
"113.70000","7.57902","0.43798"
"113.80000","7.58535","0.43750"
"113.90000","7.59171","0.43724"
"114.00000","7.59837","0.43711"
"114.10000","7.60517","0.43691"
"114.20000","7.61198","0.43662"
"114.30000","7.61865","0.43676"
"114.40000","7.62564","0.43654"
"114.50000","7.63193","0.43638"
"114.60000","7.63843","0.43548"
"114.70000","7.64504","0.43580"
"114.80000","7.65200","0.43592"
"114.90000","7.65876","0.43531"
"115.00000","7.66524","0.43511"
"115.10000","7.67169","0.43512"
"115.20000","7.67888","0.43506"
"115.30000","7.68575","0.43489"
"115.40000","7.69210","0.43417"
"115.50000","7.69819","0.43355"
"115.60000","7.70500","0.43408"
"115.70000","7.71216","0.43361"
"115.80000","7.71881","0.43301"
"115.90000","7.72527","0.43266"
"116.00000","7.73192","0.43287"
"116.10000","7.73862","0.43239"
"116.20000","7.74556","0.43193"
"116.30000","7.75196","0.43141"
"116.40000","7.75844","0.43119"
"116.50000","7.76513","0.43091"
"116.60000","7.77185","0.43064"
"116.70000","7.77867","0.43036"
"116.80000","7.78553","0.43023"
"116.90000","7.79231","0.43008"
"117.00000","7.79864","0.42904"
"117.10000","7.80501","0.42912"
"117.20000","7.81175","0.42863"
"117.30000","7.81881","0.42885"
"117.40000","7.82543","0.42799"
"117.50000","7.83177","0.42785"
"117.60000","7.83854","0.42795"
"117.70000","7.84566","0.42774"
"117.80000","7.85238","0.42687"
"117.90000","7.85857","0.42607"
"118.00000","7.86471","0.42554"
"118.10000","7.87178","0.42521"
"118.20000","7.87880","0.42522"
"118.30000","7.88549","0.42485"
"118.40000","7.89206","0.42484"
"118.50000","7.89862","0.42489"
"118.60000","7.90530","0.42480"
"118.70000","7.91195","0.42368"
"118.80000","7.91839","0.42352"
"118.90000","7.92528","0.42330"
"119.00000","7.93169","0.42265"
"119.10000","7.93853","0.42258"
"119.20000","7.94525","0.42212"
"119.30000","7.95232","0.42167"
"119.40000","7.95896","0.42132"
"119.50000","7.96515","0.42070"
"119.60000","7.97157","0.42048"
"119.70000","7.97847","0.42103"
"119.80000","7.98558","0.41963"
"119.90000","7.99223","0.41961"
"120.00000","7.99842","0.41912"
"120.10000","8.00527","0.41876"
"120.20000","8.01229","0.41839"
"120.30000","8.01885","0.41812"
"120.40000","8.02518","0.41715"
"120.50000","8.03150","0.41681"
"120.60000","8.03855","0.41683"
"120.70000","8.04555","0.41636"
"120.80000","8.05205","0.41560"
"120.90000","8.05886","0.41502"
"121.00000","8.06527","0.41487"
"121.10000","8.07198","0.41464"
"121.20000","8.07858","0.41345"
"121.30000","8.08516","0.41335"
"121.40000","8.09205","0.41328"
"121.50000","8.09850","0.41224"
"121.60000","8.10512","0.41207"
"121.70000","8.11213","0.41204"
"121.80000","8.11912","0.41093"
"121.90000","8.12553","0.41070"
"122.00000","8.13165","0.41019"
"122.10000","8.13816","0.41023"
"122.20000","8.14544","0.40956"
"122.30000","8.15227","0.40908"
"122.40000","8.15865","0.40824"
"122.50000","8.16494","0.40849"
"122.60000","8.17202","0.40855"
"122.70000","8.17907","0.40798"
"122.80000","8.18534","0.40705"
"122.90000","8.19164","0.40664"
"123.00000","8.19829","0.40617"
"123.10000","8.20527","0.40592"
"123.20000","8.21205","0.40540"
"123.30000","8.21867","0.40496"
"123.40000","8.22564","0.40409"
"123.50000","8.23195","0.40363"
"123.60000","8.23841","0.40316"
"123.70000","8.24509","0.40229"
"123.80000","8.25205","0.40228"
"123.90000","8.25870","0.40167"
"124.00000","8.26503","0.40120"
"124.10000","8.27159","0.40044"
"124.20000","8.27891","0.40098"
"124.30000","8.28586","0.39983"
"124.40000","8.29211","0.39935"
"124.50000","8.29819","0.39902"
"124.60000","8.30497","0.39914"
"124.70000","8.31208","0.39919"
"124.80000","8.31890","0.39884"
"124.90000","8.32537","0.39811"
"125.00000","8.33186","0.39811"
"125.10000","8.33863","0.39759"
"125.20000","8.34561","0.39685"
"125.30000","8.35198","0.39623"
"125.40000","8.35840","0.39583"
"125.50000","8.36504","0.39535"
"125.60000","8.37185","0.39542"
"125.70000","8.37876","0.39502"
"125.80000","8.38555","0.39397"
"125.90000","8.39237","0.39357"
"126.00000","8.39855","0.39273"
"126.10000","8.40492","0.39177"
"126.20000","8.41176","0.39110"
"126.30000","8.41886","0.39057"
"126.40000","8.42549","0.39010"
"126.50000","8.43181","0.38925"
"126.60000","8.43841","0.38939"
"126.70000","8.44575","0.38898"
"126.80000","8.45249","0.38786"
"126.90000","8.45863","0.38717"
"127.00000","8.46474","0.38687"
"127.10000","8.47173","0.38657"
"127.20000","8.47876","0.38573"
"127.30000","8.48550","0.38513"
"127.40000","8.49188","0.38504"
"127.50000","8.49857","0.38396"
"127.60000","8.50525","0.38361"
"127.70000","8.51201","0.38278"
"127.80000","8.51844","0.38217"
"127.90000","8.52532","0.38196"
"128.00000","8.53178","0.38143"
"128.10000","8.53845","0.38084"
"128.20000","8.54532","0.38028"
"128.30000","8.55237","0.37975"
"128.40000","8.55890","0.37925"
"128.50000","8.56508","0.37825"
"128.60000","8.57150","0.37730"
"128.70000","8.57855","0.37775"
"128.80000","8.58563","0.37656"
"128.90000","8.59216","0.37572"
"129.00000","8.59829","0.37481"
"129.10000","8.60517","0.37480"
"129.20000","8.61237","0.37390"
"129.30000","8.61899","0.37250"
"129.40000","8.62524","0.37147"
"129.50000","8.63149","0.37127"
"129.60000","8.63853","0.37088"
"129.70000","8.64551","0.36980"
"129.80000","8.65200","0.36915"
"129.90000","8.65876","0.36875"
"130.00000","8.66522","0.36802"
"130.10000","8.67197","0.36718"
"130.20000","8.67864","0.36659"
"130.30000","8.68522","0.36592"
"130.40000","8.69211","0.36509"
"130.50000","8.69844","0.36461"
"130.60000","8.70502","0.36383"
"130.70000","8.71213","0.36326"
"130.80000","8.71913","0.36216"
"130.90000","8.72558","0.36122"
"131.00000","8.73157","0.36060"
"131.10000","8.73809","0.36000"
"131.20000","8.74555","0.35899"
"131.30000","8.75234","0.35776"
"131.40000","8.75869","0.35692"
"131.50000","8.76491","0.35593"
"131.60000","8.77191","0.35511"
"131.70000","8.77903","0.35400"
"131.80000","8.78544","0.35299"
"131.90000","8.79172","0.35213"
"132.00000","8.79821","0.35139"
"132.10000","8.80504","0.35096"
"132.20000","8.81203","0.34956"
"132.30000","8.81882","0.34908"
"132.40000","8.82565","0.34743"
"132.50000","8.83186","0.34662"
"132.60000","8.83842","0.34518"
"132.70000","8.84506","0.34400"
"132.80000","8.85211","0.34300"
"132.90000","8.85879","0.34138"
"133.00000","8.86506","0.34005"
"133.10000","8.87173","0.33853"
"133.20000","8.87897","0.33744"
"133.30000","8.88584","0.33578"
"133.40000","8.89214","0.33418"
"133.50000","8.89818","0.33223"
"133.60000","8.90492","0.33175"
"133.70000","8.91220","0.33063"
"133.80000","8.91890","0.32864"
"133.90000","8.92529","0.32663"
"134.00000","8.93180","0.32516"
"134.10000","8.93857","0.32325"
"134.20000","8.94559","0.32177"
"134.30000","8.95203","0.31965"
"134.40000","8.95848","0.31683"
"134.50000","8.96493","0.31455"
"134.60000","8.97182","0.31219"
"134.70000","8.97877","0.31008"
"134.80000","8.98554","0.30772"
"134.90000","8.99232","0.30464"
"135.00000","8.99861","0.30174"
"135.10000","9.00491","0.29921"
"135.20000","9.01179","0.29686"
"135.30000","9.01898","0.29400"
"135.40000","9.02545","0.29062"
"135.50000","9.03187","0.28734"
"135.60000","9.03839","0.28523"
"135.70000","9.04571","0.28161"
"135.80000","9.05250","0.27875"
"135.90000","9.05861","0.27594"
"136.00000","9.06472","0.27343"
"136.10000","9.07170","0.27111"
"136.20000","9.07882","0.26844"
"136.30000","9.08547","0.26606"
"136.40000","9.09187","0.26378"
"136.50000","9.09862","0.26104"
"136.60000","9.10524","0.25865"
"136.70000","9.11202","0.25626"
"136.80000","9.11850","0.25336"
"136.90000","9.12521","0.25141"
"137.00000","9.13171","0.24851"
"137.10000","9.13853","0.24624"
"137.20000","9.14527","0.24420"
"137.30000","9.15232","0.24227"
"137.40000","9.15889","0.23994"
"137.50000","9.16526","0.23814"
"137.60000","9.17157","0.23570"
"137.70000","9.17847","0.23447"
"137.80000","9.18551","0.23242"
"137.90000","9.19219","0.23039"
"138.00000","9.19849","0.22795"
"138.10000","9.20527","0.22675"
"138.20000","9.21227","0.22477"
"138.30000","9.21889","0.22172"
"138.40000","9.22517","0.22008"
"138.50000","9.23166","0.21794"
"138.60000","9.23844","0.21610"
"138.70000","9.24545","0.21487"
"138.80000","9.25200","0.21292"
"138.90000","9.25872","0.21119"
"139.00000","9.26545","0.20928"
"139.10000","9.27203","0.20742"
"139.20000","9.27855","0.20496"
"139.30000","9.28507","0.20313"
"139.40000","9.29199","0.20121"
"139.50000","9.29865","0.19928"
"139.60000","9.30513","0.19748"
"139.70000","9.31215","0.19531"
"139.80000","9.31900","0.19287"
"139.90000","9.32547","0.19070"
"140.00000","9.33166","0.18904"
"140.10000","9.33816","0.18731"
"140.20000","9.34556","0.18546"
"140.30000","9.35224","0.18286"
"140.40000","9.35866","0.18169"
"140.50000","9.36514","0.17995"
"140.60000","9.37204","0.17873"
"140.70000","9.37901","0.17738"
"140.80000","9.38528","0.17561"
"140.90000","9.39150","0.17461"
"141.00000","9.39843","0.17329"
"141.10000","9.40527","0.17190"
"141.20000","9.41197","0.16988"
"141.30000","9.41856","0.16851"
"141.40000","9.42553","0.16698"
"141.50000","9.43212","0.16532"
"141.60000","9.43847","0.16363"
"141.70000","9.44502","0.16236"
"141.80000","9.45199","0.16107"
"141.90000","9.45871","0.15989"
"142.00000","9.46525","0.15825"
"142.10000","9.47174","0.15725"
"142.20000","9.47888","0.15596"
"142.30000","9.48578","0.15456"
"142.40000","9.49204","0.15332"
"142.50000","9.49831","0.15213"
"142.60000","9.50500","0.15202"
"142.70000","9.51216","0.15044"
"142.80000","9.51875","0.14890"
"142.90000","9.52515","0.14749"
"143.00000","9.53206","0.14619"
"143.10000","9.53873","0.14462"
"143.20000","9.54544","0.14339"
"143.30000","9.55195","0.14211"
"143.40000","9.55836","0.14119"
"143.50000","9.56523","0.13954"
"143.60000","9.57196","0.13893"
"143.70000","9.57870","0.13741"
"143.80000","9.58541","0.13625"
"143.90000","9.59223","0.13462"
"144.00000","9.59885","0.13343"
"144.10000","9.60506","0.13194"
"144.20000","9.61166","0.13085"
"144.30000","9.61877","0.12932"
"144.40000","9.62538","0.12821"
"144.50000","9.63188","0.12720"
"144.60000","9.63848","0.12607"
"144.70000","9.64565","0.12498"
"144.80000","9.65233","0.12376"
"144.90000","9.65862","0.12189"
"145.00000","9.66490","0.12042"
"145.10000","9.67186","0.11988"
"145.20000","9.67873","0.11945"
"145.30000","9.68539","0.11820"
"145.40000","9.69188","0.11764"
"145.50000","9.69884","0.11725"
"145.60000","9.70542","0.11629"
"145.70000","9.71193","0.11532"
"145.80000","9.71828","0.11485"
"145.90000","9.72510","0.11413"
"146.00000","9.73190","0.11330"
"146.10000","9.73854","0.11218"
"146.20000","9.74513","0.11133"
"146.30000","9.75222","0.11055"
"146.40000","9.75888","0.10952"
"146.50000","9.76523","0.10874"
"146.60000","9.77158","0.10782"
"146.70000","9.77845","0.10735"
"146.80000","9.78551","0.10660"
"146.90000","9.79216","0.10616"
"147.00000","9.79853","0.10518"
"147.10000","9.80534","0.10468"
"147.20000","9.81231","0.10385"
"147.30000","9.81887","0.10239"
"147.40000","9.82509","0.10156"
"147.50000","9.83172","0.10111"
"147.60000","9.83868","0.10060"
"147.70000","9.84547","0.09983"
"147.80000","9.85199","0.09940"
"147.90000","9.85864","0.09884"
"148.00000","9.86543","0.09779"
"148.10000","9.87206","0.09681"
"148.20000","9.87857","0.09565"
"148.30000","9.88506","0.09445"
"148.40000","9.89199","0.09231"
"148.50000","9.89872","0.08937"
"148.60000","9.90518","0.08783"
"148.70000","9.91196","0.08692"
"148.80000","9.91892","0.08522"
"148.90000","9.92548","0.08354"
"149.00000","9.93177","0.08203"
"149.10000","9.93830","0.08091"
"149.20000","9.94543","0.07945"
"149.30000","9.95221","0.07849"
"149.40000","9.95863","0.07742"
"149.50000","9.96507","0.07664"
"149.60000","9.97207","0.07534"
"149.70000","9.97902","0.07447"
"149.80000","9.98527","0.07303"
"149.90000","9.99161","0.07165"
"150.00000","9.99846","0.07120"
"150.10000","10.00526","0.06926"
"150.20000","10.01194","0.06784"
"150.30000","10.01862","0.06717"
"150.40000","10.02552","0.06638"
"150.50000","10.03199","0.06490"
"150.60000","10.03848","0.06434"
"150.70000","10.04498","0.06349"
"150.80000","10.05194","0.06331"
"150.90000","10.05880","0.06147"
"151.00000","10.06519","0.06059"
"151.10000","10.07171","0.05941"
"151.20000","10.07890","0.05872"
"151.30000","10.08587","0.05723"
"151.40000","10.09207","0.05576"
"151.43000","10.09391","0.05539"
